{"cameraMode":{"drawMode":0,"name":"Shaded","section":"Shading Mode"},"sceneLighting":true,"audioPlay":false,"sceneViewState":{"m_AlwaysRefresh":false,"showFog":true,"showSkybox":true,"showFlares":true,"showImageEffects":true,"showParticleSystems":true,"showVisualEffectGraphs":true,"m_FxEnabled":true},"in2DMode":false,"pivot":{"x":0.5239677429199219,"y":4.115382671356201,"z":-0.05275559425354004},"rotation":{"x":0.0027593306731432678,"y":-0.9766420125961304,"z":0.017824001610279084,"w":0.21486586332321168},"size":13.29209041595459,"orthographic":false}