{"cameraMode":{"drawMode":0,"name":"Shaded","section":"Shading Mode"},"sceneLighting":true,"audioPlay":false,"sceneViewState":{"m_AlwaysRefresh":false,"showFog":true,"showSkybox":true,"showFlares":true,"showImageEffects":true,"showParticleSystems":true,"showVisualEffectGraphs":true,"m_FxEnabled":true},"in2DMode":false,"pivot":{"x":-1.1648306846618653,"y":0.5739797949790955,"z":0.25795024633407595},"rotation":{"x":0.03197787329554558,"y":-0.6429418325424194,"z":-0.027218444272875787,"w":-0.7648690342903137},"size":2.359900951385498,"orthographic":true}